{
  "metadata": {
    "algorithm": "GA",
    "created": "2025-11-07T21:29:28.858770",
    "total_runs": 1
  },
  "runs": [
    {
      "run_id": 1,
      "seed": 1042,
      "algorithm": "GA",
      "best_fitness": 2.4327522623934783e-05,
      "best_params": {
        "rs": 0.41420114040374756,
        "rr": 0.9665569067001343,
        "Lls": 0.0006722014513798058,
        "Llr": 0.003641756484284997,
        "Lm": 0.07920731604099274,
        "J": 0.07859379798173904,
        "B": 0.0005139006534591317
      },
      "param_errors": {
        "rs": 0.020798861980438232,
        "rr": 0.15055692195892334,
        "Lls": 0.0013277987018227577,
        "Llr": 0.0016417563892900944,
        "Lm": 0.0099073126912117,
        "J": 0.01040620356798172,
        "B": 0.0004139006487093866
      },
      "param_errors_percent": {
        "rs": 4.781347274780273,
        "rr": 18.450603485107422,
        "Lls": 66.38993072509766,
        "Llr": 82.08781433105469,
        "Lm": 14.296266555786133,
        "J": 11.692362785339355,
        "B": 413.9006652832031
      },
      "convergence_history": [
        0.007700037211179733,
        0.00675630196928978,
        0.006388660054653883,
        0.005265402607619762,
        0.004987560678273439,
        0.004641671199351549,
        0.004179735668003559,
        0.003352975472807884,
        0.002394102280959487,
        0.0018288493156433105,
        0.0018288493156433105,
        0.0018288493156433105,
        0.001455290475860238,
        0.001455290475860238,
        0.0014275825815275311,
        0.000819170440081507,
        0.000744575634598732,
        0.000732227461412549,
        0.0005747028044424951,
        0.00041557615622878075,
        0.0004103749233763665,
        0.00031548645347356796,
        0.0003043511533178389,
        0.000276403792668134,
        0.00027613615384325385,
        0.00027450782363303006,
        0.000269021256826818,
        0.0002504704752936959,
        0.0002503844443708658,
        0.0002362751984037459,
        0.0002362751984037459,
        0.00022206777066458017,
        0.00022099606576375663,
        0.00021172297419980168,
        0.0002096443495247513,
        0.0002096443495247513,
        0.00020152672368567437,
        0.00018084936891682446,
        0.0001717564882710576,
        0.00016556111222598702,
        0.00016019149916246533,
        0.00016019149916246533,
        0.0001506898843217641,
        0.0001506898843217641,
        0.0001490971917519346,
        0.00014407947310246527,
        0.00014407947310246527,
        0.000133342866320163,
        0.00012707215500995517,
        0.0001197215897263959,
        0.00011879862722707912,
        0.00011864940461236984,
        0.00011827292473753914,
        0.00011398087372072041,
        0.00011326579260639846,
        0.00011205412010895088,
        0.00010957657650578767,
        7.994854968274012e-05,
        7.994854968274012e-05,
        7.787982758600265e-05,
        7.67252640798688e-05,
        7.67252640798688e-05,
        7.631866174051538e-05,
        7.279870624188334e-05,
        7.279870624188334e-05,
        7.279870624188334e-05,
        7.279870624188334e-05,
        7.279870624188334e-05,
        7.270989590324461e-05,
        7.270989590324461e-05,
        7.163627014961094e-05,
        7.163627014961094e-05,
        7.146567804738879e-05,
        7.132056634873152e-05,
        6.689262227155268e-05,
        6.689262227155268e-05,
        6.689262227155268e-05,
        6.516541179735214e-05,
        6.516541179735214e-05,
        6.51504669804126e-05,
        6.496225978480652e-05,
        6.487988139269873e-05,
        6.487988139269873e-05,
        6.256571941776201e-05,
        6.201215001055971e-05,
        5.946091914665885e-05,
        5.946091914665885e-05,
        5.878318552277051e-05,
        5.564313323702663e-05,
        5.2307288569863886e-05,
        5.2307288569863886e-05,
        5.2307288569863886e-05,
        5.140478242537938e-05,
        5.140478242537938e-05,
        5.140478242537938e-05,
        4.664657899411395e-05,
        4.662564970203675e-05,
        4.662564970203675e-05,
        4.5653236156795174e-05,
        4.5653236156795174e-05,
        4.5335669710766524e-05,
        4.5335669710766524e-05,
        4.5335669710766524e-05,
        4.2039318941533566e-05,
        3.9862552512204275e-05,
        3.9862552512204275e-05,
        3.9862552512204275e-05,
        3.9209480746649206e-05,
        3.876147820847109e-05,
        3.876147820847109e-05,
        3.75208182958886e-05,
        3.658267087303102e-05,
        3.657722845673561e-05,
        3.0536699341610074e-05,
        3.0536699341610074e-05,
        3.0536699341610074e-05,
        2.9850463761249557e-05,
        2.953176954179071e-05,
        2.889058305299841e-05,
        2.889058305299841e-05,
        2.4327522623934783e-05,
        2.4327522623934783e-05,
        2.4327522623934783e-05,
        2.4327522623934783e-05,
        2.4327522623934783e-05
      ],
      "execution_time": 169.37192296981812,
      "final_generation": 125,
      "stagnation_count": 0,
      "timestamp": "2025-11-07T21:29:28.858749"
    },
    {
      "run_id": 2,
      "seed": 2042,
      "algorithm": "GA",
      "best_fitness": 3.7318630347726867e-05,
      "best_params": {
        "rs": 0.3763808310031891,
        "rr": 0.8547731041908264,
        "Lls": 0.0040794843807816505,
        "Llr": 0.00010000321344705299,
        "Lm": 0.0598452128469944,
        "J": 0.08083441853523254,
        "B": 0.000120459109894
      },
      "param_errors": {
        "rs": 0.058619171380996704,
        "rr": 0.03877311944961548,
        "Lls": 0.002079484285786748,
        "Llr": 0.0018999968888238072,
        "Lm": 0.009454790502786636,
        "J": 0.00816558301448822,
        "B": 2.0459112420212477e-05
      },
      "param_errors_percent": {
        "rs": 13.475671768188477,
        "rr": 4.751607894897461,
        "Lls": 103.97421264648438,
        "Llr": 94.99983978271484,
        "Lm": 13.643275260925293,
        "J": 9.174812316894531,
        "B": 20.4591121673584
      },