{
  "metadata": {
    "algorithm": "PSO",
    "created": "2025-11-13T21:57:51.556330",
    "total_runs": 1
  },
  "runs": [
    {
      "run_id": 1,
      "seed": 1040,
      "algorithm": "PSO",
      "best_fitness": 1.7567705071996897e-05,
      "best_params": {
        "rs": 0.6987701654434204,
        "rr": 0.5119488835334778,
        "Lls": 0.0017832221928983927,
        "Llr": 0.004315638914704323,
        "Lm": 0.08140263706445694,
        "J": 0.011984470300376415,
        "B": 0.0019192531472072005
      },
      "param_errors": {
        "rs": 0.0012298226356506348,
        "rr": 0.011948883533477783,
        "Lls": 0.0012167778331786394,
        "Llr": 0.0013156388886272907,
        "Lm": 0.001402638852596283,
        "J": 1.5529803931713104e-05,
        "B": 0.0005192531971260905
      },
      "param_errors_percent": {
        "rs": 0.1756889522075653,
        "rr": 2.3897767066955566,
        "Lls": 40.559261322021484,
        "Llr": 43.85462951660156,
        "Lm": 1.7532985210418701,
        "J": 0.12941503524780273,
        "B": 37.089515686035156
      },
      "convergence_history": [
        0.1427162140607834,
        0.10110796242952347,
        0.07163037359714508,
        0.04706618934869766,
        0.02616829238831997,
        0.023006228730082512,
        0.023006228730082512,
        0.018787501379847527,
        0.018787501379847527,
        0.013737411238253117,
        0.013737411238253117,
        0.010419052094221115,
        0.007389250677078962,
        0.005203357432037592,
        0.004801759030669928,
        0.004503154661506414,
        0.003401709720492363,
        0.003087415127083659,
        0.00201098108664155,
        0.00201098108664155,
        0.0012107504298910499,
        0.0011050032917410135,
        0.0006243785610422492,
        0.0006243785610422492,
        0.0005203545442782342,
        0.0005203545442782342,
        0.0004136390925850719,
        0.0003056551213376224,
        0.0002247310330858454,
        0.00017690483946353197,
        0.00014533202920574695,
        0.00014533202920574695,
        0.00014533202920574695,
        0.00011751979764085263,
        9.814811346586794e-05,
        4.909454582957551e-05,
        4.909454582957551e-05,
        3.883748286170885e-05,
        3.883748286170885e-05,
        3.599722549552098e-05,
        2.907813723140862e-05,
        2.297305218235124e-05,
        2.297305218235124e-05,
        2.297305218235124e-05,
        2.297305218235124e-05,
        1.878922739706468e-05,
        1.7567705071996897e-05,
        1.7567705071996897e-05,
        1.7567705071996897e-05,
        1.7567705071996897e-05
      ],
      "execution_time": 366.01063680648804,
      "final_generation": 50,
      "stagnation_count": 0,
      "timestamp": "2025-11-13T21:57:51.556297"
    }
  ],
  "statistics": {
    "fitness": {
      "mean": 1.7567705071996897e-05,
      "std": 0.0,
      "median": 1.7567705071996897e-05,
      "min": 1.7567705071996897e-05,
      "max": 1.7567705071996897e-05,
      "q25": 1.7567705071996897e-05,
      "q75": 1.7567705071996897e-05,
      "iqr": 0.0,
      "cv": 0.0
    },
    "parameters": {
      "rs": {
        "mean": 0.1756889522075653,
        "std": 0.0,
        "median": 0.1756889522075653,
        "min": 0.1756889522075653,
        "max": 0.1756889522075653,
        "q25": 0.1756889522075653,
        "q75": 0.1756889522075653,
        "iqr": 0.0,
        "cv": 0.0
      },
      "rr": {
        "mean": 2.3897767066955566,
        "std": 0.0,
        "median": 2.3897767066955566,
        "min": 2.3897767066955566,
        "max": 2.3897767066955566,
        "q25": 2.3897767066955566,
        "q75": 2.3897767066955566,
        "iqr": 0.0,
        "cv": 0.0
      },
      "Lls": {
        "mean": 40.559261322021484,
        "std": 0.0,
        "median": 40.559261322021484,
        "min": 40.559261322021484,
        "max": 40.559261322021484,
        "q25": 40.559261322021484,
        "q75": 40.559261322021484,
        "iqr": 0.0,
        "cv": 0.0
      },
      "Llr": {
        "mean": 43.85462951660156,
        "std": 0.0,
        "median": 43.85462951660156,
        "min": 43.85462951660156,
        "max": 43.85462951660156,
        "q25": 43.85462951660156,
        "q75": 43.85462951660156,
        "iqr": 0.0,
        "cv": 0.0
      },
      "Lm": {
        "mean": 1.7532985210418701,
        "std": 0.0,
        "median": 1.7532985210418701,
        "min": 1.7532985210418701,
        "max": 1.7532985210418701,
        "q25": 1.7532985210418701,
        "q75": 1.7532985210418701,
        "iqr": 0.0,
        "cv": 0.0
      },
      "J": {
        "mean": 0.12941503524780273,
        "std": 0.0,
        "median": 0.12941503524780273,
        "min": 0.12941503524780273,
        "max": 0.12941503524780273,
        "q25": 0.12941503524780273,
        "q75": 0.12941503524780273,
        "iqr": 0.0,
        "cv": 0.0
      },
      "B": {
        "mean": 37.089515686035156,
        "std": 0.0,
        "median": 37.089515686035156,
        "min": 37.089515686035156,
        "max": 37.089515686035156,
        "q25": 37.089515686035156,
        "q75": 37.089515686035156,
        "iqr": 0.0,
        "cv": 0.0
      }
    },
    "execution_time": {
      "mean": 366.01063680648804,
      "total": 366.01063680648804
    }
  }
}