{
  "phase": "Validaci\u00f3n con datos sint\u00e9ticos",
  "generated_at": "2025-11-21T22:49:00.875163",
  "num_runs": 50,
  "algorithms": {
    "GA": {
      "fitness_statistics": {
        "mean": 0.0002910305740806507,
        "std": 0.00029979168897640814,
        "median": 0.00017211825615959242,
        "min": 4.408871609484777e-05,
        "max": 0.0018086731433868408,
        "q25": 0.0001085552285076119,
        "q75": 0.0003735384962055832,
        "iqr": 0.0002649832676979713,
        "cv": 1.0301037611715995
      },
      "parameter_statistics": {
        "rs": {
          "mean": 4.96025195762515,
          "std": 6.340373737940966,
          "median": 3.5393197536468506,
          "min": 0.08952617645263672,
          "max": 43.78081130981445,
          "q25": 1.7798863053321838,
          "q75": 6.284530997276306,
          "iqr": 4.504644691944122,
          "cv": 1.278236225116392
        },
        "rr": {
          "mean": 5.53467716217041,
          "std": 4.163201922947004,
          "median": 4.666423797607422,
          "min": 0.05370974540710449,
          "max": 17.58894920349121,
          "q25": 2.5354430079460144,
          "q75": 7.6336681842803955,
          "iqr": 5.098225176334381,
          "cv": 0.7522032091415455
        },
        "Lls": {
          "mean": 49.52900788545608,
          "std": 28.23973651396785,
          "median": 40.90682601928711,
          "min": 0.9563828706741333,
          "max": 96.56011199951172,
          "q25": 25.835137844085693,
          "q75": 70.97859001159668,
          "iqr": 45.143452167510986,
          "cv": 0.5701656003139989
        },
        "Llr": {
          "mean": 55.0443248462677,
          "std": 33.247248632817005,
          "median": 49.62342834472656,
          "min": 0.8050585389137268,
          "max": 124.01866912841797,
          "q25": 31.167396545410156,
          "q75": 80.21791648864746,
          "iqr": 49.050519943237305,
          "cv": 0.6040086553095645
        },
        "Lm": {
          "mean": 2.0681876614689827,
          "std": 1.3746720727336441,
          "median": 1.7125019431114197,
          "min": 0.03582797944545746,
          "max": 5.93665075302124,
          "q25": 0.9099114835262299,
          "q75": 3.180596947669983,
          "iqr": 2.270685464143753,
          "cv": 0.6646747286739195
        },
        "J": {
          "mean": 3.219390907585621,
          "std": 2.376395002206532,
          "median": 2.791092276573181,
          "min": 0.15958988666534424,
          "max": 9.731273651123047,
          "q25": 1.4176029860973358,
          "q75": 4.642320990562439,
          "iqr": 3.224718004465103,
          "cv": 0.7381504981601339
        },
        "B": {
          "mean": 44.7182589250803,
          "std": 24.730502095191046,
          "median": 43.742177963256836,
          "min": 0.2728276550769806,
          "max": 94.1807632446289,
          "q25": 25.113515853881836,
          "q75": 64.05262088775635,
          "iqr": 38.93910503387451,
          "cv": 0.5530291806893427
        }
      },
      "execution_time": {
        "mean": 195.09203426837922,
        "total": 9754.60171341896
      }
    },
    "PSO": {
      "fitness_statistics": {
        "mean": 0.0005672438157267834,
        "std": 0.0010228534565608033,
        "median": 1.8868104234570637e-05,
        "min": 1.8316529803996673e-07,
        "max": 0.0025257307570427656,
        "q25": 3.794283429670031e-06,
        "q75": 8.209154111682437e-05,
        "iqr": 7.829725768715434e-05,
        "cv": 1.80319895643158
      },
      "parameter_statistics": {
        "rs": {
          "mean": 3.012365671717562,
          "std": 5.370692408621005,
          "median": 0.15341384708881378,
          "min": 0.000936644384637475,
          "max": 13.642157554626465,
          "q25": 0.034372721798717976,
          "q75": 0.5655842125415802,
          "iqr": 0.5312114907428622,
          "cv": 1.782881958536858
        },
        "rr": {
          "mean": 3.912009620666504,
          "std": 2.72675946954313,
          "median": 3.2253623008728027,
          "min": 0.12259483337402344,
          "max": 10.314310073852539,
          "q25": 1.5255317091941833,
          "q75": 6.282021164894104,
          "iqr": 4.756489455699921,
          "cv": 0.6970226901125468
        },
        "Lls": {
          "mean": 36.96884546041488,
          "std": 27.647699927693587,
          "median": 29.563084602355957,
          "min": 1.2324424982070923,
          "max": 93.56221771240234,
          "q25": 14.793171882629395,
          "q75": 50.4277458190918,
          "iqr": 35.6345739364624,
          "cv": 0.7478648462878805
        },
        "Llr": {
          "mean": 41.61585409641266,
          "std": 30.909899429728444,
          "median": 35.302358627319336,
          "min": 2.635774850845337,
          "max": 103.57196044921875,
          "q25": 15.837284088134766,
          "q75": 61.66816234588623,
          "iqr": 45.830878257751465,
          "cv": 0.7427433630971163
        },
        "Lm": {
          "mean": 1.3911424279212952,
          "std": 1.0537754812043645,
          "median": 1.207180380821228,
          "min": 0.093802809715271,
          "max": 3.519710063934326,
          "q25": 0.5004275739192963,
          "q75": 2.1470733284950256,
          "iqr": 1.6466457545757294,
          "cv": 0.7574892836666344
        },
        "J": {
          "mean": 3.7134716493764426,
          "std": 6.879532849627384,
          "median": 0.05960076302289963,
          "min": 0.00024835270596668124,
          "max": 16.666667938232422,
          "q25": 0.014200729317963123,
          "q75": 0.2525009550154209,
          "iqr": 0.2383002256974578,
          "cv": 1.852587955204284
        },
        "B": {
          "mean": 31.22578792333603,
          "std": 22.543035951321887,
          "median": 28.287967681884766,
          "min": 1.342293620109558,
          "max": 87.75566864013672,
          "q25": 13.772309303283691,
          "q75": 41.90223407745361,
          "iqr": 28.129924774169922,
          "cv": 0.7219364970603274
        }
      },
      "execution_time": {
        "mean": 196.80487837314607,
        "total": 9840.243918657303
      }
    },
    "HYBRID_PSO_LBFGS": {
      "fitness_statistics": {
        "mean": 0.0001437122158135651,
        "std": 0.00019385297044915878,
        "median": 2.4300216864503454e-05,
        "min": 1.0366245106752103e-07,
        "max": 0.0007643980788998306,
        "q25": 2.4370314122279524e-06,
        "q75": 0.00031874331762082875,
        "iqr": 0.0003163062862086008,
        "cv": 1.3488969559876542
      },
      "parameter_statistics": {
        "rs": {
          "mean": 4.544973959063355,
          "std": 6.068937024518671,
          "median": 0.22820064425468445,
          "min": 0.00012772424088325351,
          "max": 13.299882888793945,
          "q25": 0.07471229322254658,
          "q75": 12.831966400146484,
          "iqr": 12.757254106923938,
          "cv": 1.3353073261104844
        },
        "rr": {
          "mean": 4.3100657606124875,
          "std": 3.4700902944387826,
          "median": 3.671029210090637,
          "min": 0.011867284774780273,
          "max": 14.865154266357422,
          "q25": 1.1706307530403137,
          "q75": 7.446703314781189,
          "iqr": 6.276072561740875,
          "cv": 0.8051130741786318
        },
        "Lls": {
          "mean": 43.3518930156529,
          "std": 32.30535707143116,
          "median": 36.82411003112793,
          "min": 0.0821581780910492,
          "max": 96.78968048095703,
          "q25": 15.648605585098267,
          "q75": 71.28304290771484,
          "iqr": 55.63443732261658,
          "cv": 0.7451890753597955
        },
        "Llr": {
          "mean": 44.842873420342805,
          "std": 32.542892772704256,
          "median": 39.962562561035156,
          "min": 0.06097058579325676,
          "max": 96.66666412353516,