{
  "phase": "Validaci\u00f3n con datos sint\u00e9ticos",
  "generated_at": "2025-11-10T20:42:12.049827",
  "num_runs": 1,
  "algorithms": {
    "GA": {
      "fitness_statistics": {
        "mean": 0.003738882951438427,
        "std": 0.0,
        "median": 0.003738882951438427,
        "min": 0.003738882951438427,
        "max": 0.003738882951438427,
        "q25": 0.003738882951438427,
        "q75": 0.003738882951438427,
        "iqr": 0.0,
        "cv": 0.0
      },
      "parameter_statistics": {
        "rs": {
          "mean": 6.517685890197754,
          "std": 0.0,
          "median": 6.517685890197754,
          "min": 6.517685890197754,
          "max": 6.517685890197754,
          "q25": 6.517685890197754,
          "q75": 6.517685890197754,
          "iqr": 0.0,
          "cv": 0.0
        },
        "rr": {
          "mean": 11.504981994628906,
          "std": 0.0,
          "median": 11.504981994628906,
          "min": 11.504981994628906,
          "max": 11.504981994628906,
          "q25": 11.504981994628906,
          "q75": 11.504981994628906,
          "iqr": 0.0,
          "cv": 0.0
        },
        "Lls": {
          "mean": 74.00733947753906,
          "std": 0.0,
          "median": 74.00733947753906,
          "min": 74.00733947753906,
          "max": 74.00733947753906,
          "q25": 74.00733947753906,
          "q75": 74.00733947753906,
          "iqr": 0.0,
          "cv": 0.0
        },
        "Llr": {
          "mean": 75.90489196777344,
          "std": 0.0,
          "median": 75.90489196777344,
          "min": 75.90489196777344,
          "max": 75.90489196777344,
          "q25": 75.90489196777344,
          "q75": 75.90489196777344,
          "iqr": 0.0,
          "cv": 0.0
        },
        "Lm": {
          "mean": 65.03438568115234,
          "std": 0.0,
          "median": 65.03438568115234,
          "min": 65.03438568115234,
          "max": 65.03438568115234,
          "q25": 65.03438568115234,
          "q75": 65.03438568115234,
          "iqr": 0.0,
          "cv": 0.0
        },
        "J": {
          "mean": 2.030500888824463,
          "std": 0.0,
          "median": 2.030500888824463,
          "min": 2.030500888824463,
          "max": 2.030500888824463,
          "q25": 2.030500888824463,
          "q75": 2.030500888824463,
          "iqr": 0.0,
          "cv": 0.0
        },
        "B": {
          "mean": 843.37255859375,
          "std": 0.0,
          "median": 843.37255859375,
          "min": 843.37255859375,
          "max": 843.37255859375,
          "q25": 843.37255859375,
          "q75": 843.37255859375,
          "iqr": 0.0,
          "cv": 0.0
        }
      },
      "execution_time": {
        "mean": 143.4444818496704,
        "total": 143.4444818496704
      }
    },
    "PSO": {
      "fitness_statistics": {
        "mean": 0.003027553204447031,
        "std": 0.0,
        "median": 0.003027553204447031,
        "min": 0.003027553204447031,
        "max": 0.003027553204447031,
        "q25": 0.003027553204447031,
        "q75": 0.003027553204447031,
        "iqr": 0.0,
        "cv": 0.0
      },
      "parameter_statistics": {
        "rs": {
          "mean": 4.783484935760498,
          "std": 0.0,
          "median": 4.783484935760498,
          "min": 4.783484935760498,
          "max": 4.783484935760498,
          "q25": 4.783484935760498,
          "q75": 4.783484935760498,
          "iqr": 0.0,
          "cv": 0.0
        },
        "rr": {
          "mean": 3.7978384494781494,
          "std": 0.0,
          "median": 3.7978384494781494,
          "min": 3.7978384494781494,
          "max": 3.7978384494781494,
          "q25": 3.7978384494781494,
          "q75": 3.7978384494781494,
          "iqr": 0.0,
          "cv": 0.0
        },
        "Lls": {
          "mean": 91.14564514160156,
          "std": 0.0,
          "median": 91.14564514160156,
          "min": 91.14564514160156,
          "max": 91.14564514160156,
          "q25": 91.14564514160156,
          "q75": 91.14564514160156,
          "iqr": 0.0,
          "cv": 0.0
        },
        "Llr": {
          "mean": 95.00000762939453,
          "std": 0.0,
          "median": 95.00000762939453,
          "min": 95.00000762939453,
          "max": 95.00000762939453,
          "q25": 95.00000762939453,
          "q75": 95.00000762939453,
          "iqr": 0.0,
          "cv": 0.0
        },
        "Lm": {
          "mean": 15.738699913024902,
          "std": 0.0,
          "median": 15.738699913024902,
          "min": 15.738699913024902,
          "max": 15.738699913024902,
          "q25": 15.738699913024902,
          "q75": 15.738699913024902,
          "iqr": 0.0,
          "cv": 0.0
        },
        "J": {
          "mean": 0.21368098258972168,
          "std": 0.0,
          "median": 0.21368098258972168,
          "min": 0.21368098258972168,
          "max": 0.21368098258972168,
          "q25": 0.21368098258972168,
          "q75": 0.21368098258972168,
          "iqr": 0.0,
          "cv": 0.0
        },
        "B": {
          "mean": 400.5206604003906,
          "std": 0.0,
          "median": 400.5206604003906,
          "min": 400.5206604003906,
          "max": 400.5206604003906,
          "q25": 400.5206604003906,
          "q75": 400.5206604003906,
          "iqr": 0.0,
          "cv": 0.0
        }
      },
      "execution_time": {
        "mean": 191.18315315246582,
        "total": 191.18315315246582
      }
    },
    "DE": {
      "fitness_statistics": {
        "mean": 0.00668585579842329,
        "std": 0.0,
        "median": 0.00668585579842329,
        "min": 0.00668585579842329,
        "max": 0.00668585579842329,
        "q25": 0.00668585579842329,
        "q75": 0.00668585579842329,
        "iqr": 0.0,
        "cv": 0.0
      },
      "parameter_statistics": {
        "rs": {
          "mean": 20.238187789916992,
          "std": 0.0,
          "median": 20.238187789916992,
          "min": 20.238187789916992,
          "max": 20.238187789916992,
          "q25": 20.238187789916992,
          "q75": 20.238187789916992,
          "iqr": 0.0,
          "cv": 0.0
        },
        "rr": {
          "mean": 11.130867958068848,
          "std": 0.0,
          "median": 11.130867958068848,
          "min": 11.130867958068848,
          "max": 11.130867958068848,
          "q25": 11.130867958068848,
          "q75": 11.130867958068848,
          "iqr": 0.0,
          "cv": 0.0
        },
        "Lls": {
          "mean": 9.714042663574219,
          "std": 0.0,
          "median": 9.714042663574219,
          "min": 9.714042663574219,
          "max": 9.714042663574219,
          "q25": 9.714042663574219,
          "q75": 9.714042663574219,
          "iqr": 0.0,
          "cv": 0.0
        },
        "Llr": {
          "mean": 17.120840072631836,
          "std": 0.0,
          "median": 17.120840072631836,
          "min": 17.120840072631836,
          "max": 17.120840072631836,
          "q25": 17.120840072631836,
          "q75": 17.120840072631836,
          "iqr": 0.0,
          "cv": 0.0
        },
        "Lm": {
          "mean": 48.32231903076172,
          "std": 0.0,
          "median": 48.32231903076172,
          "min": 48.32231903076172,
          "max": 48.32231903076172,
          "q25": 48.32231903076172,
          "q75": 48.32231903076172,
          "iqr": 0.0,
          "cv": 0.0
        },
        "J": {
          "mean": 4.650878429412842,
          "std": 0.0,
          "median": 4.650878429412842,
          "min": 4.650878429412842,
          "max": 4.650878429412842,
          "q25": 4.650878429412842,
          "q75": 4.650878429412842,
          "iqr": 0.0,
          "cv": 0.0
        },
        "B": {
          "mean": 517.9865112304688,
          "std": 0.0,
          "median": 517.9865112304688,
          "min": 517.9865112304688,
          "max": 517.9865112304688,
          "q25": 517.9865112304688,
          "q75": 517.9865112304688,